basin,country,land,year,Value
GMAN,USA,total,1961,110096.54529914152
MSMM,USA,total,1961,387646.2842794507
GFCO,USA,total,1961,78315.94838835277
NACC,USA,total,1961,104941.7020030797
COLU,USA,total,1961,107095.44493059216
PACA,CAN,total,1961,68342.04762729364
PACA,USA,total,1961,153635.3815394903
SNEL,CAN,total,1961,110855.31329348312
NWTT,CAN,total,1961,296949.74489926244
HBCO,CAN,total,1961,172460.71568197175
AOSB,CAN,total,1961,56744.91536712324
STLA,CAN,total,1961,81863.83054620717
MACK,CAN,total,1961,198669.44075223943
RGBV,MEX,total,1961,23384.77274340667
MNCW,MEX,total,1961,44789.27670662796
BJCA,MEX,total,1961,14177.189411568985
MCIN,MEX,total,1961,24022.05816554231
RIVE,MEX,total,1961,18170.86087778228
RLER,MEX,total,1961,13115.645207714046
RIBA,MEX,total,1961,35866.092716191066
GRIJ,GTM,total,1961,4834.852899425679
YUPA,BLZ,total,1961,2212.9846978599844
YUPA,GTM,total,1961,3654.842906279632
YUPA,MEX,total,1961,22128.462033711232
SCAM,CRI,total,1961,5110.715613453047
SCAM,SLV,total,1961,2057.498797540615
SCAM,GTM,total,1961,2428.4531187923503
SCAM,HND,total,1961,11227.14938367427
SCAM,NIC,total,1961,12895.396551655494
SCAM,PAN,total,1961,4862.432241384517
CARI,ATG,total,1961,41.02079777266501
CARI,BHS,total,1961,1167.4314142905978
CARI,DOM,total,1961,4836.2673270329815
CARI,HTI,total,1961,2679.055207922912
CARI,JAM,total,1961,1094.3903431507156
CARC,BRB,total,1961,42.32451683702666
CARC,COL,total,1961,11321.873586504951
CARC,GRD,total,1961,33.06980876999813
CARC,LCA,total,1961,59.424382948030505
CARC,VCT,total,1961,34.36133363220338
CARC,TTO,total,1961,508.82722738377805
MAGD,COL,total,1961,26041.1262612466
ORIN,COL,total,1961,34746.068014727265
NESO,FRA,total,1961,8345.312825248928
NESO,GUY,total,1961,19900.15737319574
NESO,SUR,total,1961,14581.843991432388
AMAZ,BOL,total,1961,71622.44470021734
AMAZ,BRA,total,1961,385138.3964214348
AMAZ,COL,total,1961,34076.96488762256
AMAZ,ECU,total,1961,13076.733513697003
AMAZ,GUY,total,1961,1305.7900276721768
AMAZ,PER,total,1961,96450.59492063583
TOCA,BRA,total,1961,118629.37669204811
SAOF,BRA,total,1961,125668.87951311174
UBSA,BRA,total,1961,79015.9131884711
UBSA,URY,total,1961,3807.556255170344
LAPL,ARG,total,1961,92805.16681019966
LAPL,BOL,total,1961,22133.395153249967
LAPL,BRA,total,1961,141849.91635271217
LAPL,PRY,total,1961,40086.75624648364
LAPL,URY,total,1961,13908.537675530646
NASA,ARG,total,1961,22300.873397583524
SACC,ARG,total,1961,37537.51818501482
NEGR,ARG,total,1961,28294.955846525638
SASS,ARG,total,1961,49137.83502069092
CEPC,COL,total,1961,7698.418203514436
CEPC,ECU,total,1961,12461.514784130606
CEPC,PAN,total,1961,2596.3196591774367
PERU,PER,total,1961,32970.18707374598
NCHI,CHL,total,1961,26604.498096223186
SCPA,CHL,total,1961,39825.86189392302
LPUN,BOL,total,1961,15286.927194028514
LPUN,CHL,total,1961,6318.867531359907
SGRN,ARG,total,1961,30720.26393597056
PAMP,ARG,total,1961,17558.018602312917
SPAC,PRT,total,1961,3889.648210000277
SPAC,ESP,total,1961,5361.703739360598
DOUR,PRT,total,1961,1826.5700316115772
DOUR,ESP,total,1961,7894.420292552905
TAGU,PRT,total,1961,1681.7067927640023
TAGU,ESP,total,1961,5591.656036453678
GUAD,PRT,total,1961,1446.333878475812
GUAD,ESP,total,1961,5580.614724813249
SSEC,ESP,total,1961,11397.292016121735
GUDA,ESP,total,1961,5702.976048055067
EBRO,ESP,total,1961,9040.424598804766
GIRD,FRA,total,1961,8019.054677156122
FWCX,FRA,total,1961,11558.75953481779
LOIR,FRA,total,1961,11669.126308038298
SEIN,FRA,total,1961,8453.517843312135
RHON,FRA,total,1961,15201.315794405862
RHON,CHE,total,1961,780.0582708147786
EAWC,GBR,total,1961,14903.240505838869
IREL,IRL,total,1961,6913.15700699567
IREL,GBR,total,1961,1418.0741565858775
SCTD,GBR,total,1961,7894.50853882871
SCHE,NLD,total,1961,337.55407268464654
SCHE,BEL,total,1961,1641.8586139044671
RHIN,DEU,total,1961,11022.165029985412
RHIN,NLD,total,1961,2561.4360263121853
RHIN,CHE,total,1961,2776.6134301784846
RHIN,LUX,total,1961,260.6016095369177
MAAS,NLD,total,1961,616.5614447224177
MAAS,BEL,total,1961,1407.7124067540683
EWES,DEU,total,1961,6394.586865766537
POOO,ITA,total,1961,6991.595245136848
POOO,CHE,total,1961,578.2824430516009
IWCO,ITA,total,1961,6821.709876130846
TIBE,ITA,total,1961,1780.526311350231
IECO,ITA,total,1961,9440.419026338765
DANU,AUT,total,1961,8376.130072407734
DANU,BGR,total,1961,4847.823440979712
DANU,DEU,total,1961,5572.723318124792
DANU,BIH,total,1961,3787.098852842501
DANU,HUN,total,1961,9293.36289291611
DANU,HRV,total,1961,3218.5395417974973
DANU,MDA,total,1961,1215.0600283691535
DANU,CZE,total,1961,2196.619480270629
DANU,ROU,total,1961,23574.561063323727
DANU,SVN,total,1961,1602.5421715354892
DANU,SVK,total,1961,4833.896308624353
DANU,UKR,total,1961,3093.240974813344
DANU,SRB,total,1961,7742.567715060346
DANU,MNE,total,1961,662.1418542571415
ELBE,DEU,total,1961,9504.331604686397
ELBE,CZE,total,1961,4963.340643215506
DGCO,DNK,total,1961,4190.516376512446
DGCO,DEU,total,1961,3105.183494710963
SWED,FIN,total,1961,2359.610736419241
SWED,NOR,total,1961,1816.6642135086024
SWED,SWE,total,1961,44167.9198456344
WISL,POL,total,1961,17125.975319241523
ODER,CZE,total,1961,687.7744874098355
ODER,POL,total,1961,10870.769772708323
AGBS,ALB,total,1961,2820.2420419182263
AGBS,BGR,total,1961,6406.791139580745
AGBS,BIH,total,1961,1383.9241596099455
AGBS,GRC,total,1961,13009.745507121484
AGBS,HRV,total,1961,2248.1839380174747
AGBS,MKD,total,1961,2535.198897117235
AGBS,SVN,total,1961,423.3547089233915
AGBS,MNE,total,1961,707.5666515030696
DNIP,BLR,total,1961,11872.17640161054
DNIP,UKR,total,1961,29183.42250631646
PLCO,POL,total,1961,3187.0605032042463
NEMA,BLR,total,1961,5474.735620188555
NEMA,LTU,total,1961,4555.188244570276
DNIE,MDA,total,1961,1866.6856130866809
DNIE,UKR,total,1961,6731.247229710755
DONN,UKR,total,1961,5355.505878535804
VOLG,RUS,total,1961,298250.6289160245
DAUG,BLR,total,1961,3315.3440918251863
DAUG,LVA,total,1961,2647.862433825731
NARV,EST,total,1961,1713.3601034993603
BSNC,MDA,total,1961,229.9151710715587
BSNC,UKR,total,1961,15290.27477755872
CSPC,KAZ,total,1961,43505.62771866313
BSCC,EST,total,1961,2787.448160807603
BSCC,LVA,total,1961,3762.2693442016594
BSCC,LTU,total,1961,1903.127128347244
MSII,ITA,total,1961,4966.327881588054
MSII,MLT,total,1961,29.389306099385387
SNCC,FIN,total,1961,3173.24201402569
SNCC,NOR,total,1961,35255.967029932726
FINL,FIN,total,1961,27470.423819397653
ICEL,ISL,total,1961,10093.169732766512
AMUR,CHN,total,1961,123541.64558427644
AMUR,MNG,total,1961,18806.877528190995
AMUR,RUS,total,1961,111188.08141022708
GOBI,CHN,total,1961,119572.76067453118
GOBI,MNG,total,1961,104612.3514512458
HHEE,CHN,total,1961,117280.57523408838
TARI,CHN,total,1961,208933.04097008897
TARI,KGZ,total,1961,2390.142223276267
YANG,CHN,total,1961,300721.52368638304
CHIN,CHN,total,1961,67599.79604244183
CHIN,HKG,total,1961,100.9288356883992
XJIA,MAC,total,1961,2.206788382094055
NSKU,KOR,total,1961,9767.452358014923
HRIV,VNM,total,1961,10369.392949588291
VNCO,LAO,total,1961,2127.7466928617805
VNCO,VNM,total,1961,15694.099496107265
MEKO,KHM,total,1961,16359.67234698439
MEKO,LAO,total,1961,20755.38727106334
MEKO,THA,total,1961,18765.421649718723
MEKO,VNM,total,1961,6828.535642449568
GTCC,KHM,total,1961,1815.288925426889
GTCC,THA,total,1961,3518.5427328732585
CHAO,THA,total,1961,17740.354552872283
PMAL,MMR,total,1961,5665.232035112681
PMAL,MYS,total,1961,13142.931614696608
PMAL,THA,total,1961,11521.451637030805
SALW,MMR,total,1961,13011.86110774402
SITT,MMR,total,1961,5892.945419519115
IRRA,MMR,total,1961,36453.558252527015
BBCN,BGD,total,1961,1705.599102919461
BBCN,MMR,total,1961,5401.919677551303
SUMA,IDN,total,1961,46892.435870935245
JATI,IDN,total,1961,20175.473624127164
JATI,TLS,total,1961,1503.0736714089078
IRJA,IDN,total,1961,40730.38454030202
IRJA,PNG,total,1961,3891.542840107975
SULA,IDN,total,1961,25746.876307522965
KALI,IDN,total,1961,53734.20591652523
NBCO,MYS,total,1961,19659.72397301712
PHIL,PHL,total,1961,28912.62030511717
GABR,BGD,total,1961,11956.386298905489
GABR,BTN,total,1961,4041.7450635384594
GABR,IND,total,1961,127987.36513350552
GABR,NPL,total,1961,14730.130831149034
GODA,IND,total,1961,53045.10324949624
KRIS,IND,total,1961,64108.83785783478
SABA,IND,total,1961,44873.60309591263
SABA,PAK,total,1961,11388.54212806432
INDU,AFG,total,1961,7075.002221612423
INDU,IND,total,1961,18706.257298607245
INDU,PAK,total,1961,52640.74192341677
SRIL,LKA,total,1961,6600.5158370443705
FLYY,PNG,total,1961,6222.042292878768
PNGC,PNG,total,1961,28428.58870061786
JAPN,JPN,total,1961,37037.50342316783
SEPI,PNG,total,1961,7702.998615441119
SOLI,SLB,total,1961,2160.195312716894
LENA,RUS,total,1961,240158.1237920441
SNCO,RUS,total,1961,286401.0457240113
YENS,MNG,total,1961,32632.977654986928
YENS,RUS,total,1961,223541.77634854516
OBBB,KAZ,total,1961,69281.91378571582
OBBB,RUS,total,1961,220199.80088036213
SWCO,RUS,total,1961,300613.28408107854
BSSC,GEO,total,1961,3215.174517411492
BSSC,TUR,total,1961,30908.00248276164
MSEC,CYP,total,1961,889.9879471741424
MSEC,ISR,total,1961,1113.9572763341123
MSEC,LBN,total,1961,925.9460895398994
MSEC,TUR,total,1961,24802.20256330666
CSSW,ARM,total,1961,2955.943569062315
CSSW,AZE,total,1961,8561.22013679014
CSSW,GEO,total,1961,3718.578698358112
CSSW,IRN,total,1961,17573.361263541155
CSSW,TUR,total,1961,4559.831247466618
TIEU,IRN,total,1961,16588.17765254527
TIEU,IRQ,total,1961,43760.39273547638
TIEU,KWT,total,1961,262.72092579244
TIEU,TUR,total,1961,17588.824283556583
EJSS,JOR,total,1961,5719.887679038473
DEAS,ISR,total,1961,948.1673092377488
DEAS,JOR,total,1961,2160.704346400174
DEAS,LBN,total,1961,67.09411452040699
SIPE,JOR,total,1961,1012.5963853970404
RSEE,SAU,total,1961,35701.100764999006
ARPA,BHR,total,1961,56.35179308956917
ARPA,KWT,total,1961,1479.7288858477991
ARPA,QAT,total,1961,1108.894043862939
ARPA,SAU,total,1961,156779.30333267635
ARPA,OMN,total,1961,31124.73630837489
ARPA,ARE,total,1961,7092.059696561437
PGCO,IRN,total,1961,27969.25010375976
CIRA,IRN,total,1961,86394.05661984177
ASAC,PAK,total,1961,11572.961327797968
HAMU,PAK,total,1961,11718.49426754684
HELM,AFG,total,1961,25327.937417062887
FARA,AFG,total,1961,5294.104630085296
CSEC,AFG,total,1961,9852.26360922271
CSEC,IRN,total,1961,13677.110135406008
CSEC,KAZ,total,1961,15330.315138574424
CSEC,TKM,total,1961,41173.35893036829
CSEC,UZB,total,1961,7657.002104648478
AMDA,AFG,total,1961,16689.961862406963
AMDA,TJK,total,1961,12895.884211462024
AMDA,TKM,total,1961,5775.389952858202
AMDA,UZB,total,1961,30744.84195291815
SYRD,KAZ,total,1961,101876.2921237171
SYRD,KGZ,total,1961,15238.341691749669
SYRD,TJK,total,1961,1316.0222152058698
SYRD,UZB,total,1961,6317.712251330127
LKBH,KAZ,total,1961,40946.542891869445
LKBH,KGZ,total,1961,2243.222542864012
SENE,GIN,total,1961,3131.7987083672133
SENE,MLI,total,1961,17332.51969622077
SENE,MRT,total,1961,19743.151001825867
SENE,SEN,total,1961,7704.311836975586
NIGE,DZA,total,1961,25213.062952388187
NIGE,CMR,total,1961,8730.2695765658
NIGE,BEN,total,1961,4473.577075362466
NIGE,GIN,total,1961,9586.966399027106
NIGE,CIV,total,1961,2331.570032105035
NIGE,MLI,total,1961,57541.67139011313
NIGE,NER,total,1961,49446.04639841408
NIGE,NGA,total,1961,57330.642807791664
NIGE,BFA,total,1961,8300.273123195988
NILE,BDI,total,1961,1347.935631286096
NILE,EGY,total,1961,25596.61229249952
NILE,KEN,total,1961,5093.739936920285
NILE,RWA,total,1961,2074.015772192614
NILE,TZA,total,1961,11961.374563044224
NILE,UGA,total,1961,24293.84776015637
NILE,ETH,total,1961,36731.49340043129
NILE,SDN,total,1961,134623.32415017844
SHJU,KEN,total,1961,21031.23291596072
SHJU,ETH,total,1961,36722.145735818776
CONG,AGO,total,1961,30296.560908952026
CONG,BDI,total,1961,1367.164071858061
CONG,CMR,total,1961,9497.949222041518
CONG,CAF,total,1961,40597.6464733701
CONG,COG,total,1961,24983.83117260932
CONG,RWA,total,1961,468.2111690450198
CONG,TZA,total,1961,16395.698198199196
CONG,COD,total,1961,233541.5228694192
CONG,ZMB,total,1961,17676.26610301058
ZAMB,AGO,total,1961,25466.10120714432
ZAMB,MWI,total,1961,11180.123545743836
ZAMB,MOZ,total,1961,15820.701188328903
ZAMB,ZWE,total,1961,21250.79140375698
ZAMB,ZMB,total,1961,57794.94752570546
LIMP,BWA,total,1961,8090.473912997595
LIMP,MOZ,total,1961,11240.949579887469
LIMP,ZWE,total,1961,6288.493903385171
LIMP,ZAF,total,1961,18338.33499891154
ORAN,BWA,total,1961,15326.70843667422
ORAN,LSO,total,1961,3014.536471581822
ORAN,NAM,total,1961,24213.19266464044
ORAN,ZAF,total,1961,57809.04480340234
LCHA,CMR,total,1961,4799.655511611251
LCHA,CAF,total,1961,21464.12720683881
LCHA,TCD,total,1961,115635.76752898315
LCHA,NER,total,1961,69067.72596535055
LCHA,NGA,total,1961,17912.313324158247
LCHA,SDN,total,1961,9792.472413413432
RIFT,DJI,total,1961,156.57389999554263
RIFT,KEN,total,1961,12956.892111897434
RIFT,TZA,total,1961,17833.547022138802
RIFT,ETH,total,1961,30259.489172792077
ASII,AGO,total,1961,20460.847458999804
ASII,BWA,total,1961,34631.64958194315
ASII,NAM,total,1961,30705.13724184224
ASII,ZWE,total,1961,2570.626901218282
ANIN,DZA,total,1961,190457.3261204955
ANIN,TCD,total,1961,11438.276764764682
ANIN,EGY,total,1961,61515.71335540429
ANIN,LBY,total,1961,138659.52751341113
ANIN,MLI,total,1961,50807.07672747954
ANIN,MRT,total,1961,56354.94489541368
ANIN,MAR,total,1961,7525.674407590047
ANIN,TUN,total,1961,7131.668832861161
ANIN,SDN,total,1961,31310.517835947907
MADA,COM,total,1961,156.65092022756048
MADA,MDG,total,1961,59206.8980035385
SASC,ZAF,total,1961,35794.135549471466
SASC,SWZ,total,1961,1713.8388188946046
AIOC,MOZ,total,1961,15424.007253036523
AIOC,ZWE,total,1961,8942.305870297158
AECC,KEN,total,1961,19405.8104071543
AECC,MWI,total,1961,800.7280637569891
AECC,MOZ,total,1961,36552.309481609576
AECC,TZA,total,1961,48338.38961471604
ARGA,EGY,total,1961,13123.38540175007
ARGA,DJI,total,1961,2027.820085924856
ARGA,ETH,total,1961,9495.437919923936
ARGA,SDN,total,1961,9562.164797666284
MSCC,DZA,total,1961,15532.655448646065
MSCC,LBY,total,1961,23922.79271707575
MSCC,MAR,total,1961,6774.105657513111
MSCC,TUN,total,1961,8506.867741303233
AFWC,BEN,total,1961,5623.022071501551
AFWC,GMB,total,1961,1041.6300916867106
AFWC,GHA,total,1961,7234.37898286987
AFWC,GIN,total,1961,11802.314414420984
AFWC,CIV,total,1961,29855.227294200457
AFWC,LBR,total,1961,9572.640123906687
AFWC,NGA,total,1961,9738.832547580116
AFWC,GNB,total,1961,3271.070101176308
AFWC,SEN,total,1961,11970.099672355516
AFWC,SLE,total,1961,7196.954952735978
AFWC,TGO,total,1961,2942.4475959581787
AFWC,BFA,total,1961,1779.3729694274375
GFGU,CMR,total,1961,23588.93923153508
GFGU,COG,total,1961,9662.05571677133
GFGU,GAB,total,1961,26074.5561377165
GFGU,NGA,total,1961,6128.729382799915
GFGU,STP,total,1961,100.6064975773982
ANGC,AGO,total,1961,48626.61105623604
SAWC,ZAF,total,1961,10151.705533932383
NAMC,NAM,total,1961,27526.203895700462
ANWC,MRT,total,1961,27794.52866681249
ANWC,MAR,total,1961,27046.337499678484
VOLT,BEN,total,1961,1543.704918684173
VOLT,GHA,total,1961,16676.239085112065
VOLT,TGO,total,1961,2765.7571377734644
VOLT,BFA,total,1961,17305.176123607434
AWEC,AUS,total,1961,73711.90349204956
AUNC,AUS,total,1961,168767.7567450016
AINT,AUS,total,1961,305459.0662668637
ASCO,AUS,total,1961,48816.736061866686
AEAC,AUS,total,1961,79897.87005700584
MRDA,AUS,total,1961,92910.76372394356
SPII,SLB,total,1961,431.1380364443494
SPII,FJI,total,1961,1734.3235032306957
SPII,VUT,total,1961,1123.9953864264153
NZLZ,NZL,total,1961,26261.458420949773
