region,mode,year,kappa
JPN,region,2010,1.000
JPN,region,2020,1.000
JPN,region,2030,0.971
JPN,region,2040,0.941
JPN,region,2050,0.963
JPN,region,2060,0.949
JPN,region,2070,0.919
JPN,region,2080,0.911
JPN,region,2090,0.911
JPN,region,2100,0.896
JPN,basin,2010,1.000
JPN,basin,2020,1.000
JPN,basin,2030,0.971
JPN,basin,2040,0.941
JPN,basin,2050,0.963
JPN,basin,2060,0.949
JPN,basin,2070,0.919
JPN,basin,2080,0.911
JPN,basin,2090,0.911
JPN,basin,2100,0.896
USA,region,2010,0.988
USA,region,2020,0.981
USA,region,2030,0.963
USA,region,2040,0.948
USA,region,2050,0.924
USA,region,2060,0.863
USA,region,2070,0.804
USA,region,2080,0.768
USA,region,2090,0.749
USA,region,2100,0.736
USA,basin,2010,0.993
USA,basin,2020,0.984
USA,basin,2030,0.969
USA,basin,2040,0.956
USA,basin,2050,0.933
USA,basin,2060,0.867
USA,basin,2070,0.811
USA,basin,2080,0.779
USA,basin,2090,0.755
USA,basin,2100,0.738
CHN,region,2010,0.960
CHN,region,2020,0.892
CHN,region,2030,0.856
CHN,region,2040,0.802
CHN,region,2050,0.738
CHN,region,2060,0.562
CHN,region,2070,0.537
CHN,region,2080,0.522
CHN,region,2090,0.521
CHN,region,2100,0.635
CHN,basin,2010,0.973
CHN,basin,2020,0.932
CHN,basin,2030,0.894
CHN,basin,2040,0.864
CHN,basin,2050,0.813
CHN,basin,2060,0.706
CHN,basin,2070,0.663
CHN,basin,2080,0.631
CHN,basin,2090,0.627
CHN,basin,2100,0.551
IND,region,2010,0.965
IND,region,2020,0.937
IND,region,2030,0.884
IND,region,2040,0.846
IND,region,2050,0.841
IND,region,2060,0.833
IND,region,2070,0.819
IND,region,2080,0.813
IND,region,2090,0.807
IND,region,2100,0.799
IND,basin,2010,0.957
IND,basin,2020,0.918
IND,basin,2030,0.863
IND,basin,2040,0.816
IND,basin,2050,0.829
IND,basin,2060,0.829
IND,basin,2070,0.818
IND,basin,2080,0.809
IND,basin,2090,0.806
IND,basin,2100,0.801
BRA,region,2010,0.992
BRA,region,2020,0.936
BRA,region,2030,0.869
BRA,region,2040,0.830
BRA,region,2050,0.834
BRA,region,2060,0.871
BRA,region,2070,0.963
BRA,region,2080,0.849
BRA,region,2090,0.671
BRA,region,2100,0.623
BRA,basin,2010,0.982
BRA,basin,2020,0.945
BRA,basin,2030,0.882
BRA,basin,2040,0.824
BRA,basin,2050,0.822
BRA,basin,2060,0.866
BRA,basin,2070,0.910
BRA,basin,2080,0.707
BRA,basin,2090,0.615
BRA,basin,2100,0.565
CAN,region,2010,0.955
CAN,region,2020,0.909
CAN,region,2030,0.909
CAN,region,2040,0.897
CAN,region,2050,0.889
CAN,region,2060,0.885
CAN,region,2070,0.884
CAN,region,2080,0.883
CAN,region,2090,0.878
CAN,region,2100,0.876
CAN,basin,2010,0.968
CAN,basin,2020,0.956
CAN,basin,2030,0.949
CAN,basin,2040,0.958
CAN,basin,2050,0.943
CAN,basin,2060,0.932
CAN,basin,2070,0.921
CAN,basin,2080,0.916
CAN,basin,2090,0.908
CAN,basin,2100,0.901
CIS,region,2010,0.989
CIS,region,2020,0.971
CIS,region,2030,0.966
CIS,region,2040,0.964
CIS,region,2050,0.958
CIS,region,2060,0.950
CIS,region,2070,0.945
CIS,region,2080,0.940
CIS,region,2090,0.940
CIS,region,2100,0.936
CIS,basin,2010,0.982
CIS,basin,2020,0.966
CIS,basin,2030,0.958
CIS,basin,2040,0.952
CIS,basin,2050,0.938
CIS,basin,2060,0.928
CIS,basin,2070,0.922
CIS,basin,2080,0.913
CIS,basin,2090,0.914
CIS,basin,2100,0.909
XAF,region,2010,0.963
XAF,region,2020,0.904
XAF,region,2030,0.828
XAF,region,2040,0.765
XAF,region,2050,0.723
XAF,region,2060,0.696
XAF,region,2070,0.675
XAF,region,2080,0.655
XAF,region,2090,0.652
XAF,region,2100,0.656
XAF,basin,2010,0.958
XAF,basin,2020,0.883
XAF,basin,2030,0.785
XAF,basin,2040,0.671
XAF,basin,2050,0.611
XAF,basin,2060,0.578
XAF,basin,2070,0.544
XAF,basin,2080,0.520
XAF,basin,2090,0.505
XAF,basin,2100,0.496
XME,region,2010,0.938
XME,region,2020,0.836
XME,region,2030,0.753
XME,region,2040,0.710
XME,region,2050,0.668
XME,region,2060,0.643
XME,region,2070,0.612
XME,region,2080,0.594
XME,region,2090,0.540
XME,region,2100,0.487
XME,basin,2010,0.925
XME,basin,2020,0.827
XME,basin,2030,0.758
XME,basin,2040,0.723
XME,basin,2050,0.713
XME,basin,2060,0.712
XME,basin,2070,0.683
XME,basin,2080,0.646
XME,basin,2090,0.617
XME,basin,2100,0.557
XNF,region,2010,0.966
XNF,region,2020,0.902
XNF,region,2030,0.893
XNF,region,2040,0.846
XNF,region,2050,0.820
XNF,region,2060,0.797
XNF,region,2070,0.796
XNF,region,2080,0.788
XNF,region,2090,0.797
XNF,region,2100,0.810
XNF,basin,2010,0.980
XNF,basin,2020,0.953
XNF,basin,2030,0.939
XNF,basin,2040,0.928
XNF,basin,2050,0.891
XNF,basin,2060,0.872
XNF,basin,2070,0.849
XNF,basin,2080,0.838
XNF,basin,2090,0.784
XNF,basin,2100,0.768
XSA,region,2010,0.969
XSA,region,2020,0.972
XSA,region,2030,0.963
XSA,region,2040,0.953
XSA,region,2050,0.939
XSA,region,2060,0.910
XSA,region,2070,0.849
XSA,region,2080,0.818
XSA,region,2090,0.795
XSA,region,2100,0.792
XSA,basin,2010,0.974
XSA,basin,2020,0.964
XSA,basin,2030,0.951
XSA,basin,2040,0.917
XSA,basin,2050,0.904
XSA,basin,2060,0.870
XSA,basin,2070,0.807
XSA,basin,2080,0.746
XSA,basin,2090,0.691
XSA,basin,2100,0.686
XSE,region,2010,0.992
XSE,region,2020,0.973
XSE,region,2030,0.968
XSE,region,2040,0.955
XSE,region,2050,0.944
XSE,region,2060,0.941
XSE,region,2070,0.938
XSE,region,2080,0.927
XSE,region,2090,0.921
XSE,region,2100,0.918
XSE,basin,2010,0.987
XSE,basin,2020,0.952
XSE,basin,2030,0.942
XSE,basin,2040,0.928
XSE,basin,2050,0.918
XSE,basin,2060,0.906
XSE,basin,2070,0.903
XSE,basin,2080,0.894
XSE,basin,2090,0.881
XSE,basin,2100,0.886
XOC,region,2010,0.983
XOC,region,2020,0.927
XOC,region,2030,0.786
XOC,region,2040,0.630
XOC,region,2050,0.579
XOC,region,2060,0.505
XOC,region,2070,0.312
XOC,region,2080,0.185
XOC,region,2090,0.173
XOC,region,2100,0.158
XOC,basin,2010,0.987
XOC,basin,2020,0.919
XOC,basin,2030,0.833
XOC,basin,2040,0.723
XOC,basin,2050,0.656
XOC,basin,2060,0.608
XOC,basin,2070,0.491
XOC,basin,2080,0.394
XOC,basin,2090,0.330
XOC,basin,2100,0.333
XLM,region,2010,0.971
XLM,region,2020,0.944
XLM,region,2030,0.929
XLM,region,2040,0.920
XLM,region,2050,0.920
XLM,region,2060,0.922
XLM,region,2070,0.921
XLM,region,2080,0.918
XLM,region,2090,0.918
XLM,region,2100,0.918
XLM,basin,2010,0.977
XLM,basin,2020,0.948
XLM,basin,2030,0.927
XLM,basin,2040,0.913
XLM,basin,2050,0.899
XLM,basin,2060,0.884
XLM,basin,2070,0.874
XLM,basin,2080,0.837
XLM,basin,2090,0.799
XLM,basin,2100,0.781
XE25,region,2010,0.960
XE25,region,2020,0.903
XE25,region,2030,0.875
XE25,region,2040,0.856
XE25,region,2050,0.827
XE25,region,2060,0.804
XE25,region,2070,0.798
XE25,region,2080,0.781
XE25,region,2090,0.768
XE25,region,2100,0.757
XE25,basin,2010,0.949
XE25,basin,2020,0.874
XE25,basin,2030,0.845
XE25,basin,2040,0.833
XE25,basin,2050,0.823
XE25,basin,2060,0.808
XE25,basin,2070,0.795
XE25,basin,2080,0.778
XE25,basin,2090,0.768
XE25,basin,2100,0.760
XER,region,2010,0.920
XER,region,2020,0.919
XER,region,2030,0.911
XER,region,2040,0.896
XER,region,2050,0.881
XER,region,2060,0.870
XER,region,2070,0.866
XER,region,2080,0.855
XER,region,2090,0.849
XER,region,2100,0.849
XER,basin,2010,0.980
XER,basin,2020,0.911
XER,basin,2030,0.902
XER,basin,2040,0.885
XER,basin,2050,0.878
XER,basin,2060,0.874
XER,basin,2070,0.860
XER,basin,2080,0.856
XER,basin,2090,0.836
XER,basin,2100,0.823
TUR,region,2010,0.900
TUR,region,2020,0.838
TUR,region,2030,0.806
TUR,region,2040,0.776
TUR,region,2050,0.770
TUR,region,2060,0.770
TUR,region,2070,0.770
TUR,region,2080,0.770
TUR,region,2090,0.732
TUR,region,2100,0.704
TUR,basin,2010,0.909
TUR,basin,2020,0.832
TUR,basin,2030,0.854
TUR,basin,2040,0.837
TUR,basin,2050,0.784
TUR,basin,2060,0.753
TUR,basin,2070,0.730
TUR,basin,2080,0.724
TUR,basin,2090,0.688
TUR,basin,2100,0.652
WLD,region,2010,0.979
WLD,region,2020,0.950
WLD,region,2030,0.926
WLD,region,2040,0.905
WLD,region,2050,0.890
WLD,region,2060,0.865
WLD,region,2070,0.856
WLD,region,2080,0.839
WLD,region,2090,0.827
WLD,region,2100,0.832
WLD,basin,2010,0.979
WLD,basin,2020,0.949
WLD,basin,2030,0.923
WLD,basin,2040,0.899
WLD,basin,2050,0.881
WLD,basin,2060,0.861
WLD,basin,2070,0.845
WLD,basin,2080,0.819
WLD,basin,2090,0.804
WLD,basin,2100,0.790
