17region,year,yield_region
BRA,2005,3.1735316411528443
BRA,2010,3.3085341956685173
BRA,2020,3.4334156389518213
BRA,2030,3.691381518883349
BRA,2040,3.93984365529399
BRA,2050,4.049877469334035
BRA,2060,4.1313989663048964
BRA,2070,4.202785533948199
BRA,2080,4.250970513159621
BRA,2090,4.305309659842074
BRA,2100,4.347629229549136
CAN,2005,3.4234520804286603
CAN,2010,3.46610735391361
CAN,2020,3.486759261639774
CAN,2030,3.4839064390441434
CAN,2040,3.488080212546563
CAN,2050,3.4933007359296973
CAN,2060,3.491409594921916
CAN,2070,3.486055821140422
CAN,2080,3.4714098506198066
CAN,2090,3.455240791966197
CAN,2100,3.431936886336719
CHN,2005,5.273501974663886
CHN,2010,5.245805881105961
CHN,2020,5.586667770301116
CHN,2030,5.493721540635733
CHN,2040,5.4797833000561
CHN,2050,5.561028368640466
CHN,2060,5.617205654771121
CHN,2070,5.717241097471067
CHN,2080,5.787694957660903
CHN,2090,5.884482455314261
CHN,2100,6.073966998983387
CIS,2005,2.0067801645168615
CIS,2010,2.0940955711067892
CIS,2020,2.2328719012681724
CIS,2030,2.3205227721400314
CIS,2040,2.3763934115884497
CIS,2050,2.4434972776205077
CIS,2060,2.482233805360568
CIS,2070,2.523964482629763
CIS,2080,2.556597467339588
CIS,2090,2.5904369481204053
CIS,2100,2.6279767112287553
IND,2005,2.3013004123036453
IND,2010,2.3766804210319292
IND,2020,2.457536169008184
IND,2030,2.451937047490643
IND,2040,2.439556295349659
IND,2050,2.4465498676741952
IND,2060,2.4596711805867875
IND,2070,2.4697054115785506
IND,2080,2.4894879508193175
IND,2090,2.495832592889759
IND,2100,2.4905307578259195
JPN,2005,5.497
JPN,2010,5.526
JPN,2020,5.612
JPN,2030,5.787
JPN,2040,5.905
JPN,2050,5.983
JPN,2060,6.098
JPN,2070,6.218
JPN,2080,6.329
JPN,2090,6.443
JPN,2100,6.544
TUR,2005,2.6436659256787576
TUR,2010,2.766055162126361
TUR,2020,2.807110239123707
TUR,2030,2.8242413552669086
TUR,2040,2.830851718742162
TUR,2050,2.8325220421961324
TUR,2060,2.8111216163292876
TUR,2070,2.7818265591904336
TUR,2080,2.778487542585306
TUR,2090,2.767287755678987
TUR,2100,2.790054884728422
USA,2005,6.800817564296953
USA,2010,7.040744238433663
USA,2020,7.1663339680082565
USA,2030,7.384359771817915
USA,2040,7.46854157342116
USA,2050,7.471194842378782
USA,2060,7.435700229098507
USA,2070,7.29730762364474
USA,2080,7.214227827391911
USA,2090,7.184220631637543
USA,2100,7.202340487218713
XAF,2005,1.1283617090832736
XAF,2010,1.2196385401926646
XAF,2020,1.3282411481714376
XAF,2030,1.4218791757273932
XAF,2040,1.5481653163910625
XAF,2050,1.6685377485936244
XAF,2060,1.7760883267921759
XAF,2070,1.889129981321169
XAF,2080,2.0048708983819568
XAF,2090,2.0941754627211324
XAF,2100,2.179343860022732
XE25,2005,5.213698496147536
XE25,2010,5.404782308316578
XE25,2020,5.5674773597530836
XE25,2030,5.650430679964555
XE25,2040,5.690923487626356
XE25,2050,5.744918043294545
XE25,2060,5.80220631894609
XE25,2070,5.861118901655301
XE25,2080,5.905784502227711
XE25,2090,5.9345832167018315
XE25,2100,5.954845722765712
XER,2005,2.4544030442885028
XER,2010,2.513459481474235
XER,2020,2.595214213643777
XER,2030,2.6148583796692573
XER,2040,2.629718031915463
XER,2050,2.6357912152537866
XER,2060,2.6198430285021783
XER,2070,2.595749894954626
XER,2080,2.5739073287468015
XER,2090,2.5428728836695336
XER,2100,2.5306011848219807
XLM,2005,3.8093675336266695
XLM,2010,4.080565738754271
XLM,2020,4.322704411542943
XLM,2030,4.447076971123721
XLM,2040,4.528134111223993
XLM,2050,4.572592312534772
XLM,2060,4.66958706028366
XLM,2070,4.751149194162642
XLM,2080,4.831251617221135
XLM,2090,4.874084947690486
XLM,2100,4.928937105366899
XME,2005,2.0545974800279776
XME,2010,2.326083732129218
XME,2020,2.2466565314705984
XME,2030,2.345876225524232
XME,2040,2.4566565420442896
XME,2050,2.4969253834959537
XME,2060,2.492569241710468
XME,2070,2.5323084458313216
XME,2080,2.6060274390051683
XME,2090,2.693525889386724
XME,2100,2.7388122838570763
XNF,2005,2.2684149435420204
XNF,2010,2.3274833524674183
XNF,2020,2.544656963940052
XNF,2030,2.5624104876679508
XNF,2040,2.6910393640255905
XNF,2050,2.821366668841656
XNF,2060,2.984519036033342
XNF,2070,3.066535461633173
XNF,2080,3.146079004757639
XNF,2090,3.3190063542934967
XNF,2100,3.412913805694216
XOC,2005,1.8835378589272875
XOC,2010,1.9459347077389708
XOC,2020,2.1986241056074003
XOC,2030,2.284876914905776
XOC,2040,2.4645570487931234
XOC,2050,2.5249148271971427
XOC,2060,2.591052538783223
XOC,2070,2.7984717998826
XOC,2080,3.1093936381037617
XOC,2090,3.4127079535222133
XOC,2100,3.5187645098697082
XSA,2005,2.0292957503131372
XSA,2010,2.051266211441221
XSA,2020,2.141596537210635
XSA,2030,2.1960798438294598
XSA,2040,2.1848709571777563
XSA,2050,2.223116274701165
XSA,2060,2.241032297513176
XSA,2070,2.2411412931935124
XSA,2080,2.272333735739594
XSA,2090,2.312808332276606
XSA,2100,2.332768276972322
XSE,2005,3.221082528796301
XSE,2010,3.639874772139999
XSE,2020,3.947842595149538
XSE,2030,4.301655578059033
XSE,2040,4.661953202070567
XSE,2050,4.915715976352607
XSE,2060,5.186051504453081
XSE,2070,5.3928187939969545
XSE,2080,5.467578542761176
XSE,2090,5.484230000066166
XSE,2100,5.4894638178811554
