region,2005,2010,2020,2030,2040,2050,2060,2070,2080,2090,2100
XER,0.801,0.801,0.803,0.799,0.798,0.797,0.796,0.796,0.796,0.795,0.792
CAN,0.919,0.917,0.916,0.914,0.914,0.913,0.912,0.912,0.912,0.912,0.912
CIS,0.869,0.868,0.866,0.864,0.864,0.865,0.867,0.867,0.868,0.868,0.868
USA,0.748,0.751,0.750,0.752,0.749,0.746,0.744,0.737,0.732,0.730,0.731
XE25,0.795,0.797,0.801,0.800,0.801,0.803,0.803,0.805,0.806,0.808,0.808
CHN,0.735,0.729,0.730,0.732,0.734,0.739,0.744,0.752,0.757,0.750,0.734
XSE,0.793,0.785,0.778,0.769,0.764,0.762,0.761,0.761,0.760,0.758,0.757
JPN,0.834,0.835,0.834,0.836,0.838,0.838,0.837,0.837,0.835,0.832,0.831
TUR,0.821,0.827,0.829,0.828,0.826,0.825,0.825,0.825,0.826,0.827,0.828
XME,0.832,0.834,0.832,0.821,0.812,0.806,0.804,0.803,0.802,0.799,0.792
XSA,0.838,0.833,0.830,0.820,0.816,0.814,0.813,0.813,0.814,0.816,0.817
XNF,0.764,0.764,0.761,0.756,0.753,0.751,0.750,0.750,0.750,0.751,0.751
IND,0.747,0.746,0.738,0.721,0.711,0.706,0.702,0.699,0.697,0.697,0.698
XLM,0.820,0.819,0.811,0.803,0.797,0.797,0.798,0.798,0.800,0.802,0.805
XAF,0.794,0.791,0.781,0.755,0.729,0.713,0.703,0.694,0.688,0.687,0.689
BRA,0.796,0.795,0.786,0.770,0.755,0.755,0.767,0.785,0.801,0.822,0.843
XOC,0.785,0.785,0.776,0.755,0.751,0.749,0.747,0.745,0.741,0.738,0.737
R5REF,0.862,0.862,0.860,0.858,0.858,0.859,0.860,0.861,0.862,0.861,0.861
R5OECD90+EU,0.814,0.815,0.813,0.808,0.806,0.805,0.804,0.801,0.799,0.798,0.798
R5ASIA,0.772,0.766,0.761,0.755,0.751,0.751,0.751,0.754,0.754,0.752,0.746
R5MAF,0.794,0.791,0.782,0.757,0.732,0.718,0.708,0.700,0.694,0.694,0.695
R5LAM,0.809,0.807,0.799,0.788,0.777,0.777,0.783,0.792,0.800,0.811,0.823
World,0.818,0.816,0.811,0.801,0.793,0.790,0.789,0.789,0.790,0.792,0.794
