region,year,land,Value
XE25,2005,CEREAL,5.231
XE25,2010,CEREAL,5.444
XE25,2020,CEREAL,5.584
XE25,2030,CEREAL,5.625
XE25,2040,CEREAL,5.656
XE25,2050,CEREAL,5.711
XE25,2060,CEREAL,5.772
XE25,2070,CEREAL,5.871
XE25,2080,CEREAL,5.945
XE25,2090,CEREAL,5.995
XE25,2100,CEREAL,6.034
XER,2005,CEREAL,2.389
XER,2010,CEREAL,2.579
XER,2020,CEREAL,2.627
XER,2030,CEREAL,2.654
XER,2040,CEREAL,2.667
XER,2050,CEREAL,2.684
XER,2060,CEREAL,2.702
XER,2070,CEREAL,2.713
XER,2080,CEREAL,2.725
XER,2090,CEREAL,2.739
XER,2100,CEREAL,2.753
XOC,2005,CEREAL,1.902
XOC,2010,CEREAL,1.903
XOC,2020,CEREAL,2.074
XOC,2030,CEREAL,2.12
XOC,2040,CEREAL,2.274
XOC,2050,CEREAL,2.336
XOC,2060,CEREAL,2.258
XOC,2070,CEREAL,2.476
XOC,2080,CEREAL,2.779
XOC,2090,CEREAL,2.992
XOC,2100,CEREAL,3.03
XSE,2005,CEREAL,3.64
XSE,2010,CEREAL,3.899
XSE,2020,CEREAL,4.055
XSE,2030,CEREAL,4.24
XSE,2040,CEREAL,4.4
XSE,2050,CEREAL,4.474
XSE,2060,CEREAL,4.501
XSE,2070,CEREAL,4.505
XSE,2080,CEREAL,4.531
XSE,2090,CEREAL,4.581
XSE,2100,CEREAL,4.632
XSA,2005,CEREAL,2.319
XSA,2010,CEREAL,2.295
XSA,2020,CEREAL,2.363
XSA,2030,CEREAL,2.334
XSA,2040,CEREAL,2.391
XSA,2050,CEREAL,2.394
XSA,2060,CEREAL,2.362
XSA,2070,CEREAL,2.305
XSA,2080,CEREAL,2.291
XSA,2090,CEREAL,2.265
XSA,2100,CEREAL,2.251
XLM,2005,CEREAL,3.7
XLM,2010,CEREAL,3.887
XLM,2020,CEREAL,3.957
XLM,2030,CEREAL,4.027
XLM,2040,CEREAL,4.082
XLM,2050,CEREAL,4.102
XLM,2060,CEREAL,4.183
XLM,2070,CEREAL,4.233
XLM,2080,CEREAL,4.224
XLM,2090,CEREAL,4.203
XLM,2100,CEREAL,4.199
CIS,2005,CEREAL,2.016
CIS,2010,CEREAL,2.109
CIS,2020,CEREAL,2.119
CIS,2030,CEREAL,2.195
CIS,2040,CEREAL,2.225
CIS,2050,CEREAL,2.291
CIS,2060,CEREAL,2.33
CIS,2070,CEREAL,2.372
CIS,2080,CEREAL,2.384
CIS,2090,CEREAL,2.365
CIS,2100,CEREAL,2.35
XME,2005,CEREAL,2.064
XME,2010,CEREAL,2.139
XME,2020,CEREAL,2.187
XME,2030,CEREAL,2.249
XME,2040,CEREAL,2.293
XME,2050,CEREAL,2.339
XME,2060,CEREAL,2.353
XME,2070,CEREAL,2.342
XME,2080,CEREAL,2.469
XME,2090,CEREAL,2.576
XME,2100,CEREAL,2.626
XNF,2005,CEREAL,1.968
XNF,2010,CEREAL,2.023
XNF,2020,CEREAL,2.074
XNF,2030,CEREAL,2.083
XNF,2040,CEREAL,2.114
XNF,2050,CEREAL,2.166
XNF,2060,CEREAL,2.263
XNF,2070,CEREAL,2.316
XNF,2080,CEREAL,2.387
XNF,2090,CEREAL,2.446
XNF,2100,CEREAL,2.473
XAF,2005,CEREAL,1.157
XAF,2010,CEREAL,1.225
XAF,2020,CEREAL,1.531
XAF,2030,CEREAL,1.62
XAF,2040,CEREAL,1.711
XAF,2050,CEREAL,1.8
XAF,2060,CEREAL,1.871
XAF,2070,CEREAL,1.961
XAF,2080,CEREAL,2.068
XAF,2090,CEREAL,2.148
XAF,2100,CEREAL,2.241
BRA,2005,CEREAL,3.192
BRA,2010,CEREAL,3.268
BRA,2020,CEREAL,3.375
BRA,2030,CEREAL,3.549
BRA,2040,CEREAL,3.668
BRA,2050,CEREAL,3.755
BRA,2060,CEREAL,3.834
BRA,2070,CEREAL,3.931
BRA,2080,CEREAL,4.135
BRA,2090,CEREAL,4.318
BRA,2100,CEREAL,4.493
CAN,2005,CEREAL,3.1
CAN,2010,CEREAL,3.173
CAN,2020,CEREAL,3.157
CAN,2030,CEREAL,3.162
CAN,2040,CEREAL,3.168
CAN,2050,CEREAL,3.168
CAN,2060,CEREAL,3.173
CAN,2070,CEREAL,3.175
CAN,2080,CEREAL,3.156
CAN,2090,CEREAL,3.14
CAN,2100,CEREAL,3.152
CHN,2005,CEREAL,5.301
CHN,2010,CEREAL,5.407
CHN,2020,CEREAL,5.8
CHN,2030,CEREAL,5.799
CHN,2040,CEREAL,5.824
CHN,2050,CEREAL,5.916
CHN,2060,CEREAL,5.973
CHN,2070,CEREAL,6.185
CHN,2080,CEREAL,6.38
CHN,2090,CEREAL,6.486
CHN,2100,CEREAL,6.632
IND,2005,CEREAL,2.252
IND,2010,CEREAL,2.342
IND,2020,CEREAL,2.425
IND,2030,CEREAL,2.432
IND,2040,CEREAL,2.419
IND,2050,CEREAL,2.419
IND,2060,CEREAL,2.424
IND,2070,CEREAL,2.433
IND,2080,CEREAL,2.453
IND,2090,CEREAL,2.457
IND,2100,CEREAL,2.454
JPN,2005,CEREAL,5.497
JPN,2010,CEREAL,5.526
JPN,2020,CEREAL,5.612
JPN,2030,CEREAL,5.787
JPN,2040,CEREAL,5.905
JPN,2050,CEREAL,5.983
JPN,2060,CEREAL,6.098
JPN,2070,CEREAL,6.218
JPN,2080,CEREAL,6.329
JPN,2090,CEREAL,6.443
JPN,2100,CEREAL,6.544
TUR,2005,CEREAL,2.605
TUR,2010,CEREAL,2.743
TUR,2020,CEREAL,2.847
TUR,2030,CEREAL,2.857
TUR,2040,CEREAL,2.886
TUR,2050,CEREAL,2.891
TUR,2060,CEREAL,2.872
TUR,2070,CEREAL,2.836
TUR,2080,CEREAL,2.787
TUR,2090,CEREAL,2.822
TUR,2100,CEREAL,2.859
USA,2005,CEREAL,6.818
USA,2010,CEREAL,7.044
USA,2020,CEREAL,7.158
USA,2030,CEREAL,7.28
USA,2040,CEREAL,7.276
USA,2050,CEREAL,7.282
USA,2060,CEREAL,7.26
USA,2070,CEREAL,7.199
USA,2080,CEREAL,7.151
USA,2090,CEREAL,7.103
USA,2100,CEREAL,7.054
R5OECD90+EU,2005,CEREAL,4.874
R5OECD90+EU,2010,CEREAL,5.077
R5OECD90+EU,2020,CEREAL,5.142
R5OECD90+EU,2030,CEREAL,5.174
R5OECD90+EU,2040,CEREAL,5.261
R5OECD90+EU,2050,CEREAL,5.36
R5OECD90+EU,2060,CEREAL,5.448
R5OECD90+EU,2070,CEREAL,5.603
R5OECD90+EU,2080,CEREAL,5.706
R5OECD90+EU,2090,CEREAL,5.745
R5OECD90+EU,2100,CEREAL,5.733
R5REF,2005,CEREAL,2.016
R5REF,2010,CEREAL,2.109
R5REF,2020,CEREAL,2.119
R5REF,2030,CEREAL,2.195
R5REF,2040,CEREAL,2.225
R5REF,2050,CEREAL,2.291
R5REF,2060,CEREAL,2.33
R5REF,2070,CEREAL,2.372
R5REF,2080,CEREAL,2.384
R5REF,2090,CEREAL,2.365
R5REF,2100,CEREAL,2.35
R5ASIA,2005,CEREAL,3.453
R5ASIA,2010,CEREAL,3.632
R5ASIA,2020,CEREAL,3.801
R5ASIA,2030,CEREAL,3.806
R5ASIA,2040,CEREAL,3.814
R5ASIA,2050,CEREAL,3.805
R5ASIA,2060,CEREAL,3.782
R5ASIA,2070,CEREAL,3.796
R5ASIA,2080,CEREAL,3.836
R5ASIA,2090,CEREAL,3.853
R5ASIA,2100,CEREAL,3.869
R5MAF,2005,CEREAL,1.333
R5MAF,2010,CEREAL,1.379
R5MAF,2020,CEREAL,1.624
R5MAF,2030,CEREAL,1.705
R5MAF,2040,CEREAL,1.789
R5MAF,2050,CEREAL,1.872
R5MAF,2060,CEREAL,1.938
R5MAF,2070,CEREAL,2.017
R5MAF,2080,CEREAL,2.121
R5MAF,2090,CEREAL,2.2
R5MAF,2100,CEREAL,2.284
R5LAM,2005,CEREAL,3.484
R5LAM,2010,CEREAL,3.626
R5LAM,2020,CEREAL,3.736
R5LAM,2030,CEREAL,3.845
R5LAM,2040,CEREAL,3.922
R5LAM,2050,CEREAL,3.966
R5LAM,2060,CEREAL,4.047
R5LAM,2070,CEREAL,4.12
R5LAM,2080,CEREAL,4.193
R5LAM,2090,CEREAL,4.238
R5LAM,2100,CEREAL,4.28
R10REST_ASIA,2005,CEREAL,3.267
R10REST_ASIA,2010,CEREAL,3.455
R10REST_ASIA,2020,CEREAL,3.598
R10REST_ASIA,2030,CEREAL,3.713
R10REST_ASIA,2040,CEREAL,3.827
R10REST_ASIA,2050,CEREAL,3.85
R10REST_ASIA,2060,CEREAL,3.822
R10REST_ASIA,2070,CEREAL,3.763
R10REST_ASIA,2080,CEREAL,3.771
R10REST_ASIA,2090,CEREAL,3.798
R10REST_ASIA,2100,CEREAL,3.839
R10REF_ECON,2005,CEREAL,2.016
R10REF_ECON,2010,CEREAL,2.109
R10REF_ECON,2020,CEREAL,2.119
R10REF_ECON,2030,CEREAL,2.195
R10REF_ECON,2040,CEREAL,2.225
R10REF_ECON,2050,CEREAL,2.291
R10REF_ECON,2060,CEREAL,2.33
R10REF_ECON,2070,CEREAL,2.372
R10REF_ECON,2080,CEREAL,2.384
R10REF_ECON,2090,CEREAL,2.365
R10REF_ECON,2100,CEREAL,2.35
R10PAC_OECD,2005,CEREAL,2.199
R10PAC_OECD,2010,CEREAL,2.215
R10PAC_OECD,2020,CEREAL,2.352
R10PAC_OECD,2030,CEREAL,2.401
R10PAC_OECD,2040,CEREAL,2.561
R10PAC_OECD,2050,CEREAL,2.64
R10PAC_OECD,2060,CEREAL,2.592
R10PAC_OECD,2070,CEREAL,2.847
R10PAC_OECD,2080,CEREAL,3.195
R10PAC_OECD,2090,CEREAL,3.435
R10PAC_OECD,2100,CEREAL,3.47
R10NORTH_AM,2005,CEREAL,5.917
R10NORTH_AM,2010,CEREAL,6.254
R10NORTH_AM,2020,CEREAL,6.341
R10NORTH_AM,2030,CEREAL,6.401
R10NORTH_AM,2040,CEREAL,6.407
R10NORTH_AM,2050,CEREAL,6.445
R10NORTH_AM,2060,CEREAL,6.458
R10NORTH_AM,2070,CEREAL,6.447
R10NORTH_AM,2080,CEREAL,6.412
R10NORTH_AM,2090,CEREAL,6.356
R10NORTH_AM,2100,CEREAL,6.282
R10MIDDLE_EAST,2005,CEREAL,2.064
R10MIDDLE_EAST,2010,CEREAL,2.139
R10MIDDLE_EAST,2020,CEREAL,2.187
R10MIDDLE_EAST,2030,CEREAL,2.249
R10MIDDLE_EAST,2040,CEREAL,2.293
R10MIDDLE_EAST,2050,CEREAL,2.339
R10MIDDLE_EAST,2060,CEREAL,2.353
R10MIDDLE_EAST,2070,CEREAL,2.342
R10MIDDLE_EAST,2080,CEREAL,2.469
R10MIDDLE_EAST,2090,CEREAL,2.576
R10MIDDLE_EAST,2100,CEREAL,2.626
R10LATIN_AM,2005,CEREAL,3.484
R10LATIN_AM,2010,CEREAL,3.626
R10LATIN_AM,2020,CEREAL,3.736
R10LATIN_AM,2030,CEREAL,3.845
R10LATIN_AM,2040,CEREAL,3.922
R10LATIN_AM,2050,CEREAL,3.966
R10LATIN_AM,2060,CEREAL,4.047
R10LATIN_AM,2070,CEREAL,4.12
R10LATIN_AM,2080,CEREAL,4.193
R10LATIN_AM,2090,CEREAL,4.238
R10LATIN_AM,2100,CEREAL,4.28
R10INDIA+,2005,CEREAL,2.252
R10INDIA+,2010,CEREAL,2.342
R10INDIA+,2020,CEREAL,2.425
R10INDIA+,2030,CEREAL,2.432
R10INDIA+,2040,CEREAL,2.419
R10INDIA+,2050,CEREAL,2.419
R10INDIA+,2060,CEREAL,2.424
R10INDIA+,2070,CEREAL,2.433
R10INDIA+,2080,CEREAL,2.453
R10INDIA+,2090,CEREAL,2.457
R10INDIA+,2100,CEREAL,2.454
R10EUROPE,2005,CEREAL,4.464
R10EUROPE,2010,CEREAL,4.631
R10EUROPE,2020,CEREAL,4.764
R10EUROPE,2030,CEREAL,4.76
R10EUROPE,2040,CEREAL,4.775
R10EUROPE,2050,CEREAL,4.832
R10EUROPE,2060,CEREAL,4.904
R10EUROPE,2070,CEREAL,4.986
R10EUROPE,2080,CEREAL,5.042
R10EUROPE,2090,CEREAL,5.093
R10EUROPE,2100,CEREAL,5.13
R10CHINA+,2005,CEREAL,5.301
R10CHINA+,2010,CEREAL,5.407
R10CHINA+,2020,CEREAL,5.8
R10CHINA+,2030,CEREAL,5.799
R10CHINA+,2040,CEREAL,5.824
R10CHINA+,2050,CEREAL,5.916
R10CHINA+,2060,CEREAL,5.973
R10CHINA+,2070,CEREAL,6.185
R10CHINA+,2080,CEREAL,6.38
R10CHINA+,2090,CEREAL,6.486
R10CHINA+,2100,CEREAL,6.632
R10AFRICA,2005,CEREAL,1.247
R10AFRICA,2010,CEREAL,1.303
R10AFRICA,2020,CEREAL,1.58
R10AFRICA,2030,CEREAL,1.662
R10AFRICA,2040,CEREAL,1.749
R10AFRICA,2050,CEREAL,1.835
R10AFRICA,2060,CEREAL,1.907
R10AFRICA,2070,CEREAL,1.994
R10AFRICA,2080,CEREAL,2.098
R10AFRICA,2090,CEREAL,2.177
R10AFRICA,2100,CEREAL,2.263
World,2005,CEREAL,3.261
World,2010,CEREAL,3.36
World,2020,CEREAL,3.445
World,2030,CEREAL,3.489
World,2040,CEREAL,3.553
World,2050,CEREAL,3.624
World,2060,CEREAL,3.689
World,2070,CEREAL,3.789
World,2080,CEREAL,3.874
World,2090,CEREAL,3.914
World,2100,CEREAL,3.935
