basin,total_area
GRL_AOIS,239324.5454055
CAN_NWTT,372913.32528944814
RUS_SNCO,314242.61841049057
NOR_SNCC,47658.46521713021
RUS_SWCO,349840.59523281327
RUS_LENA,218983.650013845
RUS_YENS,223368.3801246296
USA_PACA,193369.46231516602
CAN_PACA,73875.72539598092
FIN_SNCC,1810.5035114300001
SWE_SWED,50607.2600450497
NOR_SWED,465.9903574794
CAN_MACK,178353.96328720002
FIN_SWED,1410.390735033
FIN_FINL,26974.1108516
RUS_VOLG,299891.8674078256
RUS_OBBB,206886.6437503415
ISL_ICEL,15375.447044399998
RUS_PACA,126.9281616
CAN_HBCO,176522.3529460472
FRO_SCTD,726.5974243999999
GBR_SCTD,14469.276389753602
CAN_AOSB,73028.0759242
EST_BSCC,4149.6843136
EST_NARV,1173.9040282368
LVA_BSCC,3374.6959356968005
DNK_DGCO,8839.3841024309
LVA_DAUG,2466.6008518833
CAN_SNEL,109343.68934644612
LTU_BSCC,173.9285278
LTU_NEMA,3817.436977984001
BLR_DAUG,878.5328246000001
IRL_IREL,10183.526496393199
GBR_IREL,1072.3432495
GBR_EAWC,20175.214035999994
BLR_NEMA,3914.145308019
BLR_DNIP,8174.191379385001
RUS_AMUR,106264.12544890701
DEU_DGCO,3067.2249143
POL_PLCO,2220.3049343078997
KAZ_OBBB,56159.9651659418
POL_WISL,15474.791494951502
NLD_RHIN,3683.577362991
DEU_EWES,5733.1900168110005
DEU_ELBE,7628.697383555999
POL_ODER,8695.032727841997
CAN_STLA,76231.5986243002
CHN_AMUR,112573.3042076
UKR_DNIP,28372.1310138127
NLD_SCHE,502.0442346026
DEU_RHIN,8951.1597601445
UKR_DNIE,5653.6411757038
KAZ_SYRD,94610.57015691401
FRA_FWCX,12547.235897983797
NLD_MAAS,232.68733776599998
KAZ_CSPC,39542.405704092205
MNG_YENS,29193.596610187
BEL_SCHE,639.3844331790001
FRA_SEIN,8456.928805523
BEL_MAAS,197.6113647
LUX_RHIN,263.243148176
CZE_ELBE,3287.1585165450006
UKR_DONN,5346.655511229002
MNG_GOBI,98756.545363543
CZE_ODER,157.745043695
SVK_DANU,4665.856677563001
MNG_AMUR,13450.310735478
USA_MSMM,387217.32777318533
FRA_RHON,15832.194796764801
DEU_DANU,3801.221668306
CZE_DANU,743.742991672
UKR_BSNC,12722.928362891598
USA_COLU,101420.24905733572
FRA_LOIR,9691.105342233
UKR_DANU,2144.0352944612
KAZ_LKBH,35362.88264755101
CHN_GOBI,95600.85671390902
AUT_DANU,3953.8128908999997
HUN_DANU,6727.233920263
ROU_DANU,21622.2884336075
MDA_DNIE,597.527443398
USA_GMAN,117821.8846772282
CHE_RHIN,1597.1603720399999
LIE_RHIN,12.586538088
ITA_IECO,9021.455666971999
CHE_RHON,445.83977482800003
ITA_POOO,7114.386854324399
SVN_DANU,1595.605673062
SVN_AGBS,174.43415028780004
SRB_DANU,7069.316940819
FRA_GIRD,6193.759439756201
HRV_DANU,1822.6162362320001
KAZ_CSEC,14032.291576999998
UZB_CSEC,7653.5198508779995
JPN_JAPN,66581.9767628629
HRV_AGBS,3774.6801756866994
UZB_AMDA,28030.728795907
BIH_DANU,2094.747057603
CHN_TARI,195872.329672585
ITA_IWCO,10230.3487417503
ESP_SPAC,6947.017186372501
MCO_FSCD,3.5718132816000003
ITA_TIBE,1797.3595074476
SMR_IECO,6.697149903000001
MNE_DANU,305.716934594
BGR_DANU,2970.2947772596003
USA_NACC,104871.211397518
BIH_AGBS,225.0947021
XKX_DANU,541.349181552
BGR_AGBS,3654.5247068
KGZ_SYRD,10175.076415827001
PRK_RSEC,920.2282456984
ESP_DOUR,4602.0114742999995
ESP_EBRO,6038.804963148003
MNE_AGBS,753.502787834
XKX_AGBS,177.608519546
GEO_BSSC,1822.7595704
KGZ_LKBH,1063.4255384
CHN_HHEE,109269.6916681822
PRT_SPAC,4480.2725547617
TUR_BSSC,29942.666825391403
GEO_CSSW,2748.3417279259997
TKM_CSEC,42142.5000493587
UZB_SYRD,6319.343941259001
KGZ_TARI,2389.3189835699
PRT_DOUR,1182.1776336359999
ESP_SSEC,20486.835586498804
ALB_AGBS,2101.6896484
MKD_AGBS,1896.5222804989999
GRC_AGBS,28148.202628476098
TUR_CSSW,2467.1857738230005
PRK_BHKN,2505.3086089114
PRK_NSKU,9329.280040106798
ESP_TAGU,5079.809029929001
ITA_MSII,11327.3613083251
AZE_CSSW,6955.103812088999
PRT_TAGU,1809.2755123225002
ARM_CSSW,939.9700196
TUR_MSEC,28078.799710201696
TUR_TIEU,17600.893961718008
TJK_SYRD,317.29385888499996
ESP_GUAD,2399.9420413000003
IRN_CSSW,16260.9502519349
PRT_GUAD,539.1692189048
TJK_AMDA,11382.738799762
ESP_GUDA,3534.404559921
TKM_AMDA,2454.9639756919996
IRN_TIEU,13802.627501625
KOR_NSKU,15002.319653200004
USA_GFCO,72477.21303076981
IRN_CSEC,11089.404564500303
AFG_AMDA,9958.8166991
CHN_CHIN,69858.5761456
DZA_MSCC,16797.948455827
TUN_MSCC,11849.4323961978
SYR_TIEU,8353.319154436
IRQ_TIEU,38106.780784324
IRN_CIRA,72797.41329042401
PAK_INDU,49946.554976507
MLT_MSII,750.8375977000002
SYR_EJSS,3498.8184485170004
MAR_MSCC,7696.5061449684
DZA_ANIN,169174.60338820002
SYR_MSEC,2108.845116109
AFG_CSEC,5592.854892460001
AFG_INDU,4655.098663001
CHN_YANG,295514.76120434876
MAR_ANWC,29113.860646641602
CYP_MSEC,1583.8186823833998
IND_INDU,15497.4362214838
TUN_ANIN,5714.293295869999
AFG_HELM,20989.884646061
LBN_MSEC,693.8322627590001
AFG_FARA,3589.3422543110005
MAR_ANIN,4807.983474607001
LBY_MSCC,27656.2854089108
ISR_MSEC,707.2843794000001
PSE_MSEC,600.251123401
SYR_DEAS,358.76743796400007
JOR_EJSS,3440.235055858
MEX_BJCA,24625.368041099995
MEX_MNCW,44196.601621172806
LBY_ANIN,127527.038420019
PSE_DEAS,49.74460864600001
SAU_RSEE,41760.62272765041
SAU_ARPA,147720.73613578232
EGY_ANIN,58611.547531799995
EGY_NILE,26703.9521213943
EGY_ARGA,12315.382934300002
JOR_DEAS,378.40417312
IND_GABR,114297.7328933891
MEX_RGBV,18584.879384947
IRN_PGCO,31396.061225036
IND_SABA,43699.36228804201
JOR_SIPE,678.4117018450002
KWT_TIEU,317.61859819000006
PAK_HAMU,9708.646064479097
NPL_GABR,14713.725704977704
ISR_DEAS,83.98003199950001
PAK_SABA,11360.9386776314
KWT_ARPA,539.269629
MMR_IRRA,34405.21992701141
MEX_MCIN,15654.838719600002
BTN_GABR,2772.6449361510004
MMR_SALW,10130.481956669602
MRT_ANIN,50648.058820733
PAK_ASAC,11039.822071614199
BHS_CARI,12982.1304194
BHR_ARPA,277.1681396
QAT_ARPA,1849.4602292384002
OMN_ARPA,34092.989203518795
MEX_RIVE,18350.6990746408
MRT_ANWC,28299.190271220898
ARE_ARPA,6201.812206600001
BGD_GABR,9490.972133129198
DZA_NIGE,21523.266651105998
MLI_ANIN,44940.555460865
NER_LCHA,61020.595050776996
IND_GODA,50107.05600401941
MEX_RLER,13121.822911917801
CUB_CARI,22909.7105374475
TCD_LCHA,115559.353079795
TCD_ANIN,6260.138827401
MMR_BBCN,5474.4606880418
VNM_HRIV,9600.957181947
HKG_CHIN,308.2572150116
SDN_NILE,129113.0596867238
BGD_BBCN,860.1031983
LAO_MEKO,12320.790997564005
VNM_MEKO,6404.672404207499
MAC_XJIA,30.032894167499997
MEX_RIBA,39358.58205760001
MEX_YUPA,27594.231479761205
TCA_CARI,861.1134522
NER_NIGE,47212.401724864
SDN_ANIN,25451.023071700012
SDN_ARGA,8369.457968315102
VNM_VNCO,19992.5324478523
IND_KRIS,73239.80186905811
MMR_SITT,6317.8425825679
PHL_PHIL,70389.9786156
HTI_CARI,5222.301191806
MLI_NIGE,54011.296728968
THA_MEKO,18737.809931908803
LAO_VNCO,644.627645517
CYM_CARI,873.4788086000001
DOM_CARI,7605.5693609
MRT_SENE,17595.871422570002
SDN_LCHA,5754.102916035
THA_CHAO,12671.756388003001
JAM_CARI,2937.4128176999993
PRI_CARI,2934.8903323999994
VGB_CARI,292.6377686
YEM_ARPA,16272.6363665716
MNP_NMIG,2073.690625
BLZ_YUPA,2658.4709962
VIR_CARI,538.8069703147
ATG_CARI,589.4646973
YEM_RSEE,31128.968156607603
GTM_GRIJ,1482.6276367
GTM_YUPA,2641.5295820748
KNA_CARI,295.1378174
ERI_ARGA,8305.1004827224
HND_SCAM,10919.7103850047
SEN_SENE,7695.8745091416
THA_PMAL,18499.4386048077
SEN_AFWC,11590.7465781908
MMR_PMAL,7535.552441700001
GTM_SCAM,2456.490397759
NIC_SCAM,16056.016110739602
DMA_CARI,298.15632320000003
MLI_SENE,14014.614147498
ERI_NILE,1024.072184776
BFA_NIGE,3904.6782470999997
ETH_NILE,27925.013600235994
ETH_RIFT,26611.594113079
ERI_RIFT,405.8719758635
THA_GTCC,3280.2721751701
SLV_SCAM,2869.0535117807
LCA_CARC,849.8720927782001
BFA_VOLT,13869.269284843002
NGA_NIGE,58415.0206719555
NGA_LCHA,14054.195189701
KHM_MEKO,11375.469856853
GUM_NMIG,600.9935303
VCT_CARC,451.52065435
BRB_CARC,601.6230958
ABW_CARC,602.8364258
YEM_ARGA,2112.2623535000002
COL_CARC,7618.4553225
VEN_CARC,21698.7042793566
GRD_CARC,302.0019287
GNB_AFWC,3669.9753589426005
GIN_AFWC,6325.427640004
SSD_NILE,60008.009455591804
DJI_ARGA,907.1271729
GIN_SENE,2051.586543674
BEN_NIGE,2592.0473015800003
ETH_ARGA,3678.5986731210005
SOM_ARGA,45080.17196355
KHM_GTCC,1212.8926515
COL_MAGD,23300.851327850705
TTO_CARC,1822.6490725
GIN_NIGE,7374.2445007060005
GHA_VOLT,14858.9168902632
TGO_VOLT,2745.770288766
CMR_LCHA,2005.0885993200002
CRI_SCAM,6700.5535162
VEN_MAGD,24.35099512
BEN_VOLT,625.786257396
VEN_ORIN,63858.8912761744
CIV_AFWC,25564.826969407997
CMR_NIGE,5634.495022254
CAF_LCHA,17666.354663388
SOM_RIFT,39.57597095
PAN_SCAM,9275.441962707599
PAN_CEPC,4648.128308011101
SLE_AFWC,8446.164770887799
CIV_NIGE,1172.8126428700002
BEN_AFWC,2447.7572754
ETH_SHJU,33386.998734922
LKA_SRIL,10714.4378662
FSM_MICO,1533.5223877
TGO_AFWC,2140.7776864725
NGA_AFWC,8894.47280387
VEN_NESO,3560.8951091380004
LBR_AFWC,10571.627730586602
GUY_NESO,17402.6838126975
CAF_CONG,27659.8812501
PLW_PAEI,919.3507812
COL_ORIN,31908.455917909003
GHA_AFWC,6508.975144438801
MYS_NBCO,26092.569748152997
PHL_NBCO,613.135205
COL_CEPC,7400.978970192401
NGA_GFGU,4813.898228374001
CMR_GFGU,20001.359492929
SUR_NESO,15044.805623948903
MYS_PMAL,16858.7021054254
FRA_NESO,7898.400778760399
SSD_RIFT,1329.9794350370003
IDN_SUMA,71295.53444729999
CMR_CONG,6437.334659625
COD_CONG,216240.93866816128
SOM_SHJU,23122.687813545104
BRN_NBCO,307.7419434
GUY_AMAZ,225.02892090000003
IDN_KALI,61461.2737041
IDN_SULA,70607.95954520002
BRA_AMAZ,361125.817910231
UGA_NILE,24369.609895399
KEN_RIFT,9335.01438293
KEN_SHJU,20673.416150569006
GNQ_GFGU,3951.2383617154005
COG_CONG,22200.03580289001
VEN_AMAZ,3072.9298386303994
COL_AMAZ,25777.198729830998
GAB_GFGU,28588.576043421803
COG_GFGU,8139.440727236002
KIR_KINA,617.6943604
STP_GFGU,617.9296631000001
ECU_CEPC,17744.423694164707
SGP_PMAL,149.23000772190002
ECU_AMAZ,7566.040878392001
KEN_NILE,3399.2013913
PER_AMAZ,90788.717513851
KEN_AECC,16675.8662595
SOM_AECC,1815.6479687588
IDN_IRJA,59172.3672849
BRA_TOCA,122561.43237285082
RWA_NILE,1371.199360198
TZA_NILE,10095.494761123002
PNG_PNGC,53035.91084040659
TZA_RIFT,17436.384844898002
RWA_CONG,40.13695678900001
TZA_AECC,48735.31290350501
BRA_SAOF,116833.52624457798
PNG_IRJA,5749.049913015999
PER_PERU,40418.3746609653
BDI_NILE,669.462247314
TZA_CONG,11790.701468180001
PNG_SEPI,7941.229920047402
IDN_JATI,44060.9756838
AGO_CONG,24086.83396266
PNG_FLYY,2501.077637702
AGO_ANGC,44358.482496300014
SLB_SOLI,10706.566003062802
ZMB_CONG,15836.704423874
TLS_JATI,3856.0911078641993
TUV_TUVA,305.8402588
BRA_UBSA,89995.55289800801
ZMB_ZAMB,55162.63632538401
BOL_AMAZ,59893.210498700006
MWI_ZAMB,8280.25387604
MOZ_AECC,36795.1774903
AUS_AUNC,189712.20829953882
SLB_SPII,3943.7672612000006
AGO_ZAMB,23000.268995492
COM_MADA,1511.6687012
MDG_MADA,72546.5955082
AGO_ASII,15706.118550618998
MOZ_ZAMB,9546.0174320108
FJI_SPII,8256.962891199999
VUT_SPII,8604.4976073
BRA_LAPL,122118.840913352
MWI_AECC,250.68476266200005
BOL_LPUN,12094.987593617001
ZWE_ZAMB,21254.042599465996
BOL_LAPL,16782.546625774
NAM_NAMC,29990.8582234152
AUS_AINT,272005.465092824
NAM_ASII,26668.760056088
AUS_AEAC,84778.6603509
CHL_NCHI,31055.415065327004
ZWE_AIOC,6646.6435071939995
MOZ_AIOC,14689.2480957
CHL_LPUN,3484.419482189
BWA_ASII,28252.779028699995
BWA_ORAN,11443.118433296002
PRY_LAPL,40128.266729055
ZWE_ASII,1505.931031695
AUS_AWEC,82348.0337509122
NCL_SPII,7772.118701299999
ZWE_LIMP,5926.881254065
BWA_LIMP,5174.141529071
NAM_ORAN,23033.73971388701
MOZ_LIMP,9961.077012037
ARG_LAPL,73390.581638
ZAF_LIMP,15295.753317972001
ZAF_SASC,39598.570409542706
ZAF_ORAN,52464.988682043
AUS_MRDA,93240.27058084021
ARG_SGRN,30320.903366465
SWZ_SASC,881.7715469899999
ARG_SACC,32469.9597131201
AUS_ASCO,56665.000998328
ZAF_SAWC,13063.4259182054
LSO_ORAN,1344.1900635000002
URY_LAPL,13445.0882076785
URY_UBSA,4251.306548254301
ARG_PAMP,15847.332347593001
CHL_SCPA,58982.25058973351
ARG_NASA,20153.258141559403
NZL_NZLZ,42353.8035517
ARG_NEGR,21036.4811774
ARG_SASS,51593.1750413685
ZAF_ANTC,211.747998
NOR_ANTC,180.5557617
AUS_NZLZ,178.36021730000002
